"670932227050506/?sorting_setting=CHRONOLOGICAL",
"670932227050506/?sorting_setting=TOP_POSTS"
"670932227050506/?sorting_setting=RECENT_ACTIVITY",
"2606385922973211/?sorting_setting=CHRONOLOGICAL",
"2606385922973211/?sorting_setting=TOP_POSTS",
"2606385922973211/?sorting_setting=RECENT_ACTIVITY",
"291735581795107/?sorting_setting=CHRONOLOGICAL",
"291735581795107/?sorting_setting=TOP_POSTS",
"291735581795107/?sorting_setting=RECENT_ACTIVITY",
"OSCMSBC/?sorting_setting=CHRONOLOGICAL",
"OSCMSBC/?sorting_setting=TOP_POSTS",
"OSCMSBC/?sorting_setting=RECENT_ACTIVITY",
"WestMichiganOSMS/?sorting_setting=CHRONOLOGICAL",
"WestMichiganOSMS/?sorting_setting=TOP_POSTS",
"WestMichiganOSMS/?sorting_setting=RECENT_ACTIVITY",
"covid19malta/?sorting_setting=CHRONOLOGICAL",
"covid19malta/?sorting_setting=TOP_POSTS",
"covid19malta/?sorting_setting=RECENT_ACTIVITY",
"covid19maskmakers/?sorting_setting=CHRONOLOGICAL",
"covid19maskmakers/?sorting_setting=TOP_POSTS",
"covid19maskmakers/?sorting_setting=RECENT_ACTIVITY",
"158527311965529/?sorting_setting=CHRONOLOGICAL",
"158527311965529/?sorting_setting=TOP_POSTS",
"158527311965529/?sorting_setting=RECENT_ACTIVITY",
"700366007169158/?sorting_setting=CHRONOLOGICAL",
"700366007169158/?sorting_setting=TOP_POSTS",
"700366007169158/?sorting_setting=RECENT_ACTIVITY",
"MaskMakerVolunteers/?sorting_setting=CHRONOLOGICAL",
"MaskMakerVolunteers/?sorting_setting=TOP_POSTS",
"MaskMakerVolunteers/?sorting_setting=RECENT_ACTIVITY",
"209129993644235/?sorting_setting=CHRONOLOGICAL",
"209129993644235/?sorting_setting=TOP_POSTS",
"209129993644235/?sorting_setting=RECENT_ACTIVITY",
"3426699087371148/?sorting_setting=CHRONOLOGICAL",
"3426699087371148/?sorting_setting=TOP_POSTS",
"3426699087371148/?sorting_setting=RECENT_ACTIVITY",
"millionmaskchallenge/?sorting_setting=CHRONOLOGICAL",
"millionmaskchallenge/?sorting_setting=TOP_POSTS",
"millionmaskchallenge/?sorting_setting=RECENT_ACTIVITY",
"813054092515479/?sorting_setting=CHRONOLOGICAL",
"813054092515479/?sorting_setting=TOP_POSTS",
"813054092515479/?sorting_setting=RECENT_ACTIVITY",
"3001005443321873/?sorting_setting=CHRONOLOGICAL",
"3001005443321873/?sorting_setting=TOP_POSTS",
"3001005443321873/?sorting_setting=RECENT_ACTIVITY",
"2996134733742290/?sorting_setting=CHRONOLOGICAL",
"2996134733742290/?sorting_setting=TOP_POSTS",
"2996134733742290/?sorting_setting=RECENT_ACTIVITY",
"maskmakerscollective/?sorting_setting=CHRONOLOGICAL",
"maskmakerscollective/?sorting_setting=TOP_POSTS",
"maskmakerscollective/?sorting_setting=RECENT_ACTIVITY",
"floridamaskmakers/?sorting_setting=CHRONOLOGICAL",
"floridamaskmakers/?sorting_setting=TOP_POSTS",
"floridamaskmakers/?sorting_setting=RECENT_ACTIVITY",
"TompkinsMaskMakers/?sorting_setting=CHRONOLOGICAL",
"TompkinsMaskMakers/?sorting_setting=TOP_POSTS",
"TompkinsMaskMakers/?sorting_setting=RECENT_ACTIVITY",
"222352375752019/?sorting_setting=CHRONOLOGICAL",
"222352375752019/?sorting_setting=TOP_POSTS",
"222352375752019/?sorting_setting=RECENT_ACTIVITY",
"522777805097062/?sorting_setting=CHRONOLOGICAL",
"522777805097062/?sorting_setting=TOP_POSTS",
"522777805097062/?sorting_setting=RECENT_ACTIVITY",
"211164496613747/?sorting_setting=CHRONOLOGICAL",
"211164496613747/?sorting_setting=TOP_POSTS",
"211164496613747/?sorting_setting=RECENT_ACTIVITY",
"CrotonFaceMaskMakers/?sorting_setting=CHRONOLOGICAL",
"CrotonFaceMaskMakers/?sorting_setting=TOP_POSTS",
"CrotonFaceMaskMakers/?sorting_setting=RECENT_ACTIVITY",
"maskmakersofconnecticut/?sorting_setting=CHRONOLOGICAL",
"maskmakersofconnecticut/?sorting_setting=TOP_POSTS",
"maskmakersofconnecticut/?sorting_setting=RECENT_ACTIVITY",
"NEOhioMaskMakers/?sorting_setting=CHRONOLOGICAL",
"NEOhioMaskMakers/?sorting_setting=TOP_POSTS",
"NEOhioMaskMakers/?sorting_setting=RECENT_ACTIVITY",
"OhioMaskMakers/?sorting_setting=CHRONOLOGICAL",
"OhioMaskMakers/?sorting_setting=TOP_POSTS",
"OhioMaskMakers/?sorting_setting=RECENT_ACTIVITY",
"577336636467989/?sorting_setting=CHRONOLOGICAL",
"577336636467989/?sorting_setting=TOP_POSTS",
"577336636467989/?sorting_setting=RECENT_ACTIVITY",
"DIYmasksofWmass/?sorting_setting=CHRONOLOGICAL",
"DIYmasksofWmass/?sorting_setting=TOP_POSTS",
"DIYmasksofWmass/?sorting_setting=RECENT_ACTIVITY",
"700366007169158/?sorting_setting=CHRONOLOGICAL",
"700366007169158/?sorting_setting=TOP_POSTS",
"700366007169158/?sorting_setting=RECENT_ACTIVITY",
"829143897554289/?sorting_setting=CHRONOLOGICAL",
"829143897554289/?sorting_setting=TOP_POSTS",
"829143897554289/?sorting_setting=RECENT_ACTIVITY",
"WisconsinFaceMaskWarriors/?sorting_setting=CHRONOLOGICAL",
"WisconsinFaceMaskWarriors/?sorting_setting=TOP_POSTS",
"WisconsinFaceMaskWarriors/?sorting_setting=RECENT_ACTIVITY",
"texomamaskmakers/?sorting_setting=CHRONOLOGICAL",
"texomamaskmakers/?sorting_setting=TOP_POSTS",
"texomamaskmakers/?sorting_setting=RECENT_ACTIVITY",
"192770888833308/?sorting_setting=CHRONOLOGICAL",
"192770888833308/?sorting_setting=TOP_POSTS",
"192770888833308/?sorting_setting=RECENT_ACTIVITY",
"maskmakersscv/?sorting_setting=CHRONOLOGICAL",
"maskmakersscv/?sorting_setting=TOP_POSTS",
"maskmakersscv/?sorting_setting=RECENT_ACTIVITY",
"humboldtcoronavirusmasks/?sorting_setting=CHRONOLOGICAL",
"humboldtcoronavirusmasks/?sorting_setting=TOP_POSTS",
"humboldtcoronavirusmasks/?sorting_setting=RECENT_ACTIVITY",